idx,word,occurrences
0,tomorrow,469
1,th,427
2,Amazon,291
3,not,261
4,going,248
5,st,225
6,Im,223
7,Friday,213
8,Apple,203
9,Prime,197
10,The,195
11,day,188
12,amp,181
13,like,180
14,David,178
15,Google,171
16,get,167
17,time,158
18,nd,153
19,night,153
20,see,151
21,Saturday,148
22,go,137
23,new,122
24,one,120
25,Galaxy,120
26,Sunday,116
27,Watch,115
28,Note,107
29,think,106
30,Monday,103
31,Day,103
32,rd,99
33,want,99
34,BBC,99
35,Bobby,98
36,Jindal,98
37,Hannibal,98
38,make,97
39,Bernie,97
40,Game,95
41,Hillary,95
42,ACDC,94
43,Arsenal,93
44,Marley,92
45,Thrones,92
46,know,91
47,Harper,91
48,Conor,91
49,Bob,90
50,Angela,90
51,Beckham,90
52,Federer,90
53,Sanders,89
54,Grateful,89
55,Thursday,88
56,Merkel,88
57,Chelsea,88
58,Dead,88
59,Eric,87
60,Batman,87
61,Bentley,87
62,dont,86
63,Donald,86
64,IBM,86
65,last,85
66,Harry,84
67,McGregor,84
68,If,83
69,Trump,83
70,Fleetwood,83
71,Mac,82
72,next,81
73,Barca,81
74,good,79
75,Cameron,79
76,Erdogan,79
77,Chris,78
78,Potter,78
79,This,77
80,May,77
81,today,77
82,watch,77
83,Disneyland,77
84,na,76
85,game,75
86,still,75
87,back,74
88,got,73
89,September,70
90,Church,70
91,would,68
92,Tuesday,67
93,Black,66
94,Beyonce,66
95,morning,65
96,Its,65
97,first,65
98,people,65
99,Wednesday,64
100,best,64
101,love,63
102,right,62
103,season,62
104,event,61
105,cant,60
106,August,58
107,way,58
108,show,58
109,tonight,57
110,IHOP,57
111,You,56
112,said,56
113,sun,55
114,much,55
115,Sun,55
116,take,54
117,play,53
118,Ill,53
119,live,53
120,Brown,53
121,So,52
122,come,52
123,win,52
124,Samsung,52
125,On,51
126,great,50
127,us,50
128,sat,50
129,concert,49
130,hes,49
131,It,49
132,better,48
133,A,48
134,What,48
135,even,48
136,youre,48
137,set,48
138,really,48
139,well,48
140,birthday,48
141,Happy,47
142,thing,47
143,Just,46
144,says,45
145,We,45
146,wait,45
147,via,45
148,gon,45
149,watching,45
150,could,43
151,Sept,43
152,coming,42
153,need,42
154,But,41
155,pm,41
156,July,41
157,New,41
158,world,41
159,never,40
160,start,40
161,In,40
162,US,40
163,digi,40
164,getting,39
165,lol,39
166,say,39
167,look,38
168,sure,38
169,vs,38
170,Digi,38
171,Is,37
172,doesnt,36
173,team,36
174,He,36
175,And,36
176,UK,35
177,My,35
178,work,34
179,might,34
180,put,34
181,January,34
182,free,33
183,years,33
184,didnt,33
185,around,32
186,news,32
187,give,32
188,Ive,32
189,hope,32
190,ever,31
191,google,31
192,ready,31
193,S,31
194,Aug,31
195,anyone,30
196,u,30
197,place,30
198,home,30
199,party,29
200,made,29
201,playing,29
202,book,29
203,also,29
204,feel,29
205,brown,29
206,every,28
207,help,28
208,tickets,28
209,big,28
210,tell,28
211,everyone,28
212,run,28
213,life,28
214,Turkey,28
215,November,27
216,For,27
217,check,27
218,since,27
219,yet,27
220,days,27
221,meet,27
222,isnt,27
223,two,27
224,See,27
225,done,27
226,things,27
227,man,27
228,match,27
229,Of,27
230,UFC,27
231,use,26
232,No,26
233,year,26
234,wont,26
235,early,26
236,December,26
237,Not,26
238,episode,26
239,iPhone,26
240,When,25
241,wants,25
242,excited,25
243,guys,25
244,week,25
245,many,25
246,election,25
247,hours,24
248,looks,24
249,That,24
250,Tomorrow,24
251,fans,24
252,went,24
253,church,24
254,Did,23
255,available,23
256,Sat,23
257,im,23
258,believe,23
259,series,23
260,though,23
261,TV,23
262,Dont,23
263,How,23
264,Apples,23
265,Jose,23
266,Will,22
267,open,22
268,chance,22
269,bad,22
270,deals,22
271,something,22
272,always,22
273,music,22
274,wan,22
275,little,22
276,Love,22
277,half,22
278,end,22
279,read,22
280,away,22
281,round,22
282,weekend,21
283,Best,21
284,long,21
285,October,21
286,class,21
287,movie,21
288,real,21
289,refugees,21
290,Open,21
291,Aldo,21
292,Hillarys,21
293,working,20
294,Cant,20
295,Thats,20
296,call,20
297,someone,20
298,Why,20
299,lot,20
300,looking,20
301,listening,20
302,probably,20
303,One,20
304,amazing,20
305,sales,20
306,Well,20
307,friday,20
308,true,20
309,president,20
310,fight,20
311,Djokovic,20
312,trying,19
313,finish,19
314,together,19
315,another,19
316,Have,19
317,Good,19
318,left,19
319,All,19
320,already,19
321,Who,19
322,deal,19
323,date,19
324,please,19
325,They,19
326,campaign,19
327,starting,19
328,stream,19
329,Today,19
330,Birthday,19
331,comes,19
332,top,19
333,reason,18
334,heard,18
335,friends,18
336,Thank,18
337,job,18
338,buy,18
339,winning,18
340,wish,18
341,school,18
342,song,18
343,v,18
344,News,18
345,means,18
346,hear,18
347,Get,18
348,Can,18
349,fun,18
350,Cmon,17
351,ordered,17
352,try,17
353,gone,17
354,Now,17
355,Still,17
356,video,17
357,pretty,17
358,seeing,17
359,old,17
360,Thanks,17
361,lost,17
362,D,17
363,As,17
364,nice,17
365,part,17
366,saying,17
367,Germany,17
368,girl,17
369,hand,17
370,crisis,17
371,Beyonces,17
372,Windows,16
373,b,16
374,spent,16
375,list,16
376,Also,16
377,U,16
378,care,16
379,hate,16
380,point,16
381,found,16
382,seems,16
383,sign,16
384,band,16
385,ticket,16
386,Nov,16
387,hell,16
388,miss,16
389,bought,16
390,page,16
391,order,16
392,happy,16
393,Great,16
394,seen,16
395,started,16
396,thats,16
397,wrong,16
398,leader,16
399,She,16
400,launch,16
401,mean,16
402,Edge,16
403,person,16
404,Sep,16
405,announced,16
406,debate,16
407,almost,15
408,phone,15
409,minutes,15
410,find,15
411,Me,15
412,album,15
413,Lets,15
414,behind,15
415,Theres,15
416,forward,15
417,starts,15
418,Anyone,15
419,God,15
420,bed,15
421,late,15
422,remember,15
423,Madrid,15
424,Murray,15
425,perfect,15
426,keep,15
427,Clinton,15
428,stop,15
429,Harpers,15
430,serve,15
431,ihop,15
432,taking,14
433,using,14
434,account,14
435,Got,14
436,Join,14
437,Are,14
438,number,14
439,release,14
440,talk,14
441,bit,14
442,saw,14
443,beat,14
444,Big,14
445,More,14
446,Free,14
447,At,14
448,cause,14
449,songs,14
450,shit,14
451,tribute,14
452,stage,14
453,talking,14
454,gets,14
455,due,14
456,Do,14
457,title,14
458,called,14
459,Make,14
460,enough,14
461,Hope,14
462,media,14
463,To,14
464,needs,14
465,bring,14
466,Come,14
467,interested,14
468,player,14
469,thinking,14
470,Gov,14
471,without,13
472,Does,13
473,company,13
474,Top,13
475,June,13
476,havent,13
477,email,13
478,transfer,13
479,else,13
480,gt,13
481,maybe,13
482,thought,13
483,online,13
484,choice,13
485,close,13
486,stuff,13
487,rest,13
488,finally,13
489,fuck,13
490,Going,13
491,money,13
492,By,13
493,mom,13
494,face,13
495,sale,13
496,lets,13
497,bc,13
498,delivery,13
499,Buy,13
500,Oct,13
501,used,13
502,straight,13
503,house,13
504,Id,13
505,Last,13
506,refugee,13
507,asked,13
508,history,13
509,term,13
510,elections,13
511,shes,13
512,whole,13
513,w,13
514,evening,13
515,took,13
516,times,13
517,barca,13
518,Hes,13
519,sad,13
520,snap,13
521,able,12
522,break,12
523,ask,12
524,tech,12
525,worth,12
526,version,12
527,hold,12
528,Our,12
529,thanks,12
530,told,12
531,case,12
532,leave,12
533,Music,12
534,power,12
535,forget,12
536,later,12
537,shows,12
538,car,12
539,grade,12
540,change,12
541,From,12
542,games,12
543,Yes,12
544,reading,12
545,head,12
546,April,12
547,till,12
548,shipping,12
549,months,12
550,problem,12
551,fact,12
552,edge,12
553,agree,12
554,fair,12
555,EU,12
556,country,12
557,listen,12
558,move,12
559,past,12
560,With,12
561,makes,12
562,walk,12
563,stand,12
564,England,12
565,players,12
566,Like,12
567,running,12
568,actually,12
569,others,12
570,polls,12
571,candidate,12
572,Shining,12
573,Republican,12
574,Turkish,12
575,Nats,12
576,eat,11
577,let,11
578,far,11
579,PM,11
580,takes,11
581,name,11
582,wanted,11
583,less,11
584,wasnt,11
585,office,11
586,plus,11
587,join,11
588,Need,11
589,ago,11
590,cut,11
591,York,11
592,black,11
593,least,11
594,shirt,11
595,fucking,11
596,n,11
597,fan,11
598,family,11
599,Man,11
600,everything,11
601,came,11
602,Go,11
603,card,11
604,ad,11
605,Here,11
606,alone,11
607,waiting,11
608,afternoon,11
609,heres,11
610,full,11
611,British,11
612,record,11
613,Even,11
614,Reuters,11
615,Theresa,11
616,Chancellor,11
617,President,11
618,Syrian,11
619,press,11
620,League,11
621,dude,11
622,club,11
623,Everton,11
624,Plus,11
625,action,11
626,America,11
627,Whos,11
628,cdnpoli,11
629,White,11
630,vote,11
631,Louisiana,11
632,finale,11
633,chris,11
634,Federers,11
635,USOpen,11
636,update,10
637,sick,10
638,After,10
639,support,10
640,mind,10
641,Any,10
642,drive,10
643,John,10
644,tomorrows,10
645,missed,10
646,state,10
647,released,10
648,moment,10
649,cover,10
650,form,10
651,dinner,10
652,along,10
653,tour,10
654,second,10
655,cool,10
656,NFL,10
657,City,10
658,son,10
659,Cool,10
660,price,10
661,Your,10
662,holiday,10
663,store,10
664,etc,10
665,changed,10
666,Live,10
667,paid,10
668,points,10
669,app,10
670,market,10
671,results,10
672,goes,10
673,theres,10
674,happen,10
675,watched,10
676,kid,10
677,hit,10
678,baby,10
679,return,10
680,posts,10
681,stay,10
682,German,10
683,calls,10
684,dream,10
685,meeting,10
686,follow,10
687,kill,10
688,word,10
689,cmon,10
690,Facebook,10
691,major,10
692,Samsungs,10
693,possible,10
694,Mr,10
695,Stoke,10
696,post,10
697,details,10
698,entire,10
699,shining,10
700,dead,10
701,Rick,10
702,GOP,10
703,elxn,10
704,trump,10
705,Erdogans,10
706,Isner,10
707,pancakes,10
708,Ihop,10
709,Microsoft,9
710,screen,9
711,changes,9
712,tried,9
713,hour,9
714,ta,9
715,apps,9
716,ok,9
717,calling,9
718,guess,9
719,short,9
720,ur,9
721,add,9
722,nothing,9
723,Please,9
724,link,9
725,todays,9
726,plan,9
727,American,9
728,Someone,9
729,Park,9
730,plays,9
731,Thurs,9
732,park,9
733,anything,9
734,Tech,9
735,soon,9
736,Twitter,9
737,prime,9
738,expect,9
739,March,9
740,World,9
741,signed,9
742,bday,9
743,reality,9
744,catch,9
745,Some,9
746,trndnl,9
747,ass,9
748,biggest,9
749,thinks,9
750,crying,9
751,questions,9
752,accept,9
753,awesome,9
754,wins,9
755,There,9
756,bless,9
757,must,9
758,Event,9
759,making,9
760,honestly,9
761,football,9
762,sunday,9
763,goal,9
764,Arsenals,9
765,Real,9
766,anymore,9
767,guy,9
768,Halloween,9
769,single,9
770,House,9
771,rally,9
772,Camerons,9
773,CincyTennis,9
774,final,9
775,server,9
776,IBMs,9
777,business,8
778,gave,8
779,sell,8
780,become,8
781,definitely,8
782,Hey,8
783,matter,8
784,Were,8
785,friend,8
786,lose,8
787,line,8
788,Business,8
789,share,8
790,Look,8
791,security,8
792,AppleEvent,8
793,United,8
794,Take,8
795,kids,8
796,yes,8
797,LA,8
798,saturday,8
799,bid,8
800,sound,8
801,couple,8
802,San,8
803,Only,8
804,played,8
805,plans,8
806,Nice,8
807,Dec,8
808,While,8
809,Hi,8
810,weeks,8
811,Android,8
812,different,8
813,supposed,8
814,film,8
815,tells,8
816,SEO,8
817,search,8
818,Fair,8
819,youll,8
820,kind,8
821,THIS,8
822,feeling,8
823,favorite,8
824,enjoy,8
825,scored,8
826,leads,8
827,discuss,8
828,talks,8
829,kept,8
830,bunch,8
831,performing,8
832,Heres,8
833,hot,8
834,sounds,8
835,front,8
836,met,8
837,either,8
838,Wed,8
839,Premier,8
840,upset,8
841,performance,8
842,high,8
843,ahead,8
844,Gon,8
845,future,8
846,batman,8
847,radio,8
848,State,8
849,Night,8
850,liked,8
851,Houston,8
852,bob,8
853,Washington,8
854,Trumps,8
855,sorry,8
856,breakfast,8
857,college,8
858,Mendes,8
859,Googles,8
860,potter,8
861,download,7
862,damn,7
863,Was,7
864,cloud,7
865,product,7
866,surprise,7
867,race,7
868,B,7
869,Daily,7
870,picture,7
871,public,7
872,spend,7
873,luck,7
874,brain,7
875,mobile,7
876,Should,7
877,quite,7
878,driving,7
879,yo,7
880,weather,7
881,nearly,7
882,His,7
883,Life,7
884,Field,7
885,Then,7
886,outside,7
887,Listen,7
888,tired,7
889,ill,7
890,dad,7
891,Cloud,7
892,items,7
893,Out,7
894,Season,7
895,instead,7
896,crazy,7
897,Think,7
898,Oh,7
899,Time,7
900,bottom,7
901,mother,7
902,Wish,7
903,Netflix,7
904,James,7
905,write,7
906,breaks,7
907,Looking,7
908,star,7
909,finished,7
910,Wow,7
911,knew,7
912,streaming,7
913,Superman,7
914,words,7
915,beautiful,7
916,sets,7
917,Made,7
918,original,7
919,hype,7
920,rain,7
921,yesterday,7
922,decision,7
923,Next,7
924,test,7
925,door,7
926,literally,7
927,bigger,7
928,Check,7
929,beats,7
930,giving,7
931,born,7
932,beating,7
933,whats,7
934,wonder,7
935,fell,7
936,social,7
937,missing,7
938,kick,7
939,G,7
940,LOL,7
941,expected,7
942,Carly,7
943,clear,7
944,border,7
945,question,7
946,lt,7
947,present,7
948,leading,7
949,Europe,7
950,announcement,7
951,official,7
952,body,7
953,Keep,7
954,allow,7
955,seem,7
956,accessories,7
957,First,7
958,wife,7
959,draw,7
960,singing,7
961,People,7
962,Utd,7
963,Round,7
964,CL,7
965,haha,7
966,Tuesdays,7
967,heart,7
968,Watching,7
969,La,7
970,track,7
971,minute,7
972,leaving,7
973,chelsea,7
974,role,7
975,journey,7
976,story,7
977,worst,7
978,bloody,7
979,Pres,7
980,nights,7
981,Bentleys,7
982,Frankie,7
983,sanders,7
984,mad,7
985,presidential,7
986,perform,7
987,okay,7
988,women,7
989,respect,7
990,Ronda,7
991,Rousey,7
992,Tribute,7
993,anniversary,7
994,alive,7
995,Chad,7
996,possibly,7
997,david,7
998,Knock,7
999,Romeo,7
1000,opening,7
1001,Syria,7
1002,Minister,7
1003,theme,7
1004,Jerry,7
1005,Kurds,7
1006,Nashville,7
1007,NEW,7
1008,Morning,7
1009,fleetwood,7
1010,mac,7
1011,books,7
1012,ibm,7
1013,system,6
1014,happened,6
1015,fine,6
1016,tablet,6
1017,Hopefully,6
1018,works,6
1019,replace,6
1020,welcome,6
1021,Update,6
1022,wouldnt,6
1023,terrible,6
1024,month,6
1025,copy,6
1026,invited,6
1027,software,6
1028,p,6
1029,note,6
1030,Looks,6
1031,article,6
1032,wow,6
1033,near,6
1034,Every,6
1035,pitch,6
1036,Mail,6
1037,PC,6
1038,upgrade,6
1039,Dallas,6
1040,Green,6
1041,Listening,6
1042,covering,6
1043,Super,6
1044,woman,6
1045,Stadium,6
1046,turned,6
1047,Red,6
1048,heading,6
1049,row,6
1050,realized,6
1051,Holy,6
1052,begin,6
1053,Back,6
1054,followed,6
1055,survive,6
1056,announce,6
1057,wake,6
1058,AM,6
1059,ya,6
1060,sept,6
1061,Ford,6
1062,Labor,6
1063,Lol,6
1064,lunch,6
1065,safe,6
1066,Hell,6
1067,Nexus,6
1068,current,6
1069,related,6
1070,hopefully,6
1071,Because,6
1072,users,6
1073,Where,6
1074,earlier,6
1075,emails,6
1076,local,6
1077,issue,6
1078,ball,6
1079,cars,6
1080,boy,6
1081,exciting,6
1082,certainly,6
1083,NOT,6
1084,ONE,6
1085,Yeah,6
1086,trial,6
1087,forgot,6
1088,shopping,6
1089,broke,6
1090,services,6
1091,Getting,6
1092,Or,6
1093,Force,6
1094,Youre,6
1095,members,6
1096,buying,6
1097,force,6
1098,weird,6
1099,save,6
1100,group,6
1101,worse,6
1102,named,6
1103,Q,6
1104,lack,6
1105,sent,6
1106,latest,6
1107,asylum,6
1108,eye,6
1109,These,6
1110,guest,6
1111,Way,6
1112,worry,6
1113,migration,6
1114,Obama,6
1115,controls,6
1116,selling,6
1117,whatever,6
1118,whos,6
1119,Interesting,6
1120,likely,6
1121,LIVE,6
1122,apple,6
1123,conference,6
1124,blog,6
1125,coverage,6
1126,knows,6
1127,quarter,6
1128,send,6
1129,Unpacked,6
1130,shot,6
1131,mon,6
1132,pick,6
1133,window,6
1134,level,6
1135,goals,6
1136,Jan,6
1137,Football,6
1138,Be,6
1139,spin,6
1140,fancy,6
1141,Malaga,6
1142,hed,6
1143,result,6
1144,hey,6
1145,opinion,6
1146,killing,6
1147,De,6
1148,tho,6
1149,Bond,6
1150,Summer,6
1151,Remember,6
1152,fire,6
1153,sitting,6
1154,sister,6
1155,critical,6
1156,candidates,6
1157,IT,6
1158,Corbyn,6
1159,attack,6
1160,god,6
1161,hits,6
1162,fall,6
1163,NIGHT,6
1164,Itll,6
1165,style,6
1166,girls,6
1167,Ed,6
1168,war,6
1169,summer,6
1170,lmao,6
1171,Meet,6
1172,national,6
1173,rate,6
1174,bus,6
1175,sweet,6
1176,road,6
1177,Jindals,6
1178,Maybe,6
1179,r,6
1180,debut,6
1181,interim,6
1182,Faber,6
1183,huge,6
1184,beckham,6
1185,message,6
1186,R,6
1187,Kurdish,6
1188,ISIS,6
1189,tennis,6
1190,episodes,6
1191,YouTube,6
1192,Deads,6
1193,harry,6
1194,promoting,6
1195,machine,6
1196,App,5
1197,yr,5
1198,laptop,5
1199,cost,5
1200,passed,5
1201,High,5
1202,failed,5
1203,searched,5
1204,learn,5
1205,type,5
1206,shine,5
1207,phones,5
1208,stable,5
1209,NYC,5
1210,hard,5
1211,stopped,5
1212,Centre,5
1213,turns,5
1214,itll,5
1215,Taylor,5
1216,meant,5
1217,Band,5
1218,Country,5
1219,Hello,5
1220,food,5
1221,dancing,5
1222,Gillette,5
1223,extra,5
1224,field,5
1225,IN,5
1226,Fuck,5
1227,festival,5
1228,couldnt,5
1229,photo,5
1230,planning,5
1231,tune,5
1232,Ashley,5
1233,main,5
1234,Alex,5
1235,trip,5
1236,tweets,5
1237,CD,5
1238,wearing,5
1239,adult,5
1240,aka,5
1241,Guy,5
1242,course,5
1243,across,5
1244,eating,5
1245,travel,5
1246,brings,5
1247,Play,5
1248,Amazons,5
1249,stores,5
1250,hoping,5
1251,amazon,5
1252,Had,5
1253,purchase,5
1254,showing,5
1255,push,5
1256,chat,5
1257,mine,5
1258,fast,5
1259,bringing,5
1260,An,5
1261,P,5
1262,cried,5
1263,drop,5
1264,seasons,5
1265,Finally,5
1266,finding,5
1267,pay,5
1268,TOMORROW,5
1269,gen,5
1270,Since,5
1271,Fri,5
1272,garage,5
1273,St,5
1274,launches,5
1275,common,5
1276,truly,5
1277,consider,5
1278,Trending,5
1279,Topic,5
1280,Trends,5
1281,funny,5
1282,AND,5
1283,Guardian,5
1284,Grand,5
1285,government,5
1286,seeker,5
1287,sobbing,5
1288,truth,5
1289,Stop,5
1290,ways,5
1291,response,5
1292,political,5
1293,idea,5
1294,discussing,5
1295,Festival,5
1296,Mar,5
1297,Shes,5
1298,imagine,5
1299,migrants,5
1300,strong,5
1301,ran,5
1302,march,5
1303,thank,5
1304,Excited,5
1305,seats,5
1306,device,5
1307,given,5
1308,caught,5
1309,hang,5
1310,floor,5
1311,unveil,5
1312,ends,5
1313,interesting,5
1314,Wait,5
1315,interest,5
1316,Tim,5
1317,launched,5
1318,serious,5
1319,appreciate,5
1320,Really,5
1321,wearable,5
1322,smart,5
1323,stack,5
1324,TO,5
1325,user,5
1326,budget,5
1327,info,5
1328,Harvey,5
1329,secret,5
1330,reached,5
1331,telling,5
1332,forever,5
1333,features,5
1334,bro,5
1335,Sorry,5
1336,Sky,5
1337,understand,5
1338,arsenal,5
1339,Old,5
1340,men,5
1341,league,5
1342,score,5
1343,teams,5
1344,monday,5
1345,mate,5
1346,defender,5
1347,ground,5
1348,voters,5
1349,Bayern,5
1350,side,5
1351,difficult,5
1352,exactly,5
1353,pre,5
1354,Neymar,5
1355,bet,5
1356,bias,5
1357,Thomas,5
1358,town,5
1359,balls,5
1360,five,5
1361,offer,5
1362,Gea,5
1363,Manchester,5
1364,Garcia,5
1365,Sign,5
1366,noticed,5
1367,death,5
1368,Party,5
1369,failure,5
1370,joke,5
1371,Mets,5
1372,greatest,5
1373,loves,5
1374,shooting,5
1375,Peter,5
1376,parents,5
1377,Cruz,5
1378,three,5
1379,BBCs,5
1380,acting,5
1381,Sundays,5
1382,drone,5
1383,holding,5
1384,Group,5
1385,speaking,5
1386,shame,5
1387,fake,5
1388,famous,5
1389,officially,5
1390,cold,5
1391,holds,5
1392,practice,5
1393,falls,5
1394,County,5
1395,Two,5
1396,pics,5
1397,wedding,5
1398,military,5
1399,supports,5
1400,Atlanta,5
1401,host,5
1402,Greensboro,5
1403,hair,5
1404,female,5
1405,talked,5
1406,Disney,5
1407,TUF,5
1408,rid,5
1409,THE,5
1410,Workshop,5
1411,Legend,5
1412,Wailers,5
1413,following,5
1414,Hot,5
1415,wear,5
1416,idc,5
1417,Governor,5
1418,Planned,5
1419,cries,5
1420,Perry,5
1421,George,5
1422,Read,5
1423,ended,5
1424,august,5
1425,Kid,5
1426,Edgar,5
1427,champion,5
1428,Ireland,5
1429,McGregors,5
1430,Urijah,5
1431,Want,5
1432,Beckhams,5
1433,visit,5
1434,DIGI,5
1435,disneyland,5
1436,wtf,5
1437,feels,5
1438,Kenny,5
1439,Roger,5
1440,Serena,5
1441,tiebreak,5
1442,homework,5
1443,value,5
1444,hangout,5
1445,HANNIBAL,5
1446,Mulcair,5
1447,CPC,5
1448,illustrated,5
1449,windows,4
1450,computer,4
1451,Guess,4
1452,Surface,4
1453,Pro,4
1454,GB,4
1455,exact,4
1456,impact,4
1457,workshop,4
1458,option,4
1459,creating,4
1460,Bad,4
1461,fix,4
1462,India,4
1463,Xbox,4
1464,meetup,4
1465,Ryan,4
1466,Lumia,4
1467,Mobile,4
1468,limited,4
1469,NO,4
1470,personal,4
1471,Anniversary,4
1472,blue,4
1473,wave,4
1474,speak,4
1475,reset,4
1476,password,4
1477,Phone,4
1478,ATL,4
1479,active,4
1480,Center,4
1481,Main,4
1482,Van,4
1483,Halen,4
1484,lucky,4
1485,tix,4
1486,realize,4
1487,rock,4
1488,mood,4
1489,Right,4
1490,Coming,4
1491,six,4
1492,Whats,4
1493,Earth,4
1494,Madison,4
1495,recent,4
1496,keeps,4
1497,Jam,4
1498,yeah,4
1499,tweeting,4
1500,USA,4
1501,concerts,4
1502,Young,4
1503,DJ,4
1504,TD,4
1505,Show,4
1506,shop,4
1507,white,4
1508,inside,4
1509,np,4
1510,Release,4
1511,rise,4
1512,edition,4
1513,sold,4
1514,directly,4
1515,Bank,4
1516,Too,4
1517,appears,4
1518,cards,4
1519,Fire,4
1520,lives,4
1521,preorder,4
1522,gift,4
1523,OMG,4
1524,hat,4
1525,ARE,4
1526,stars,4
1527,added,4
1528,route,4
1529,delivered,4
1530,received,4
1531,review,4
1532,arrive,4
1533,scheduled,4
1534,Trying,4
1535,planned,4
1536,presents,4
1537,theyre,4
1538,dropping,4
1539,Series,4
1540,spot,4
1541,Seeing,4
1542,Ordered,4
1543,pair,4
1544,neighbors,4
1545,crack,4
1546,Such,4
1547,Making,4
1548,easy,4
1549,Loved,4
1550,Order,4
1551,experience,4
1552,channel,4
1553,advantage,4
1554,massive,4
1555,sleeping,4
1556,claimed,4
1557,fail,4
1558,PrimeDayFail,4
1559,reports,4
1560,equivalent,4
1561,basically,4
1562,sleep,4
1563,self,4
1564,higher,4
1565,per,4
1566,audio,4
1567,appeared,4
1568,consumer,4
1569,Peace,4
1570,Search,4
1571,Very,4
1572,Marketing,4
1573,married,4
1574,Michael,4
1575,Merkels,4
1576,refuses,4
1577,politicians,4
1578,blame,4
1579,table,4
1580,stupid,4
1581,Obamas,4
1582,magazine,4
1583,Would,4
1584,idiot,4
1585,Starting,4
1586,Apparently,4
1587,Lord,4
1588,dogs,4
1589,Fiorina,4
1590,everybody,4
1591,movies,4
1592,BIG,4
1593,peace,4
1594,putting,4
1595,Mrs,4
1596,concerns,4
1597,site,4
1598,Taking,4
1599,Rumors,4
1600,Bill,4
1601,iphone,4
1602,supporting,4
1603,J,4
1604,browser,4
1605,special,4
1606,website,4
1607,becoming,4
1608,PST,4
1609,confirmed,4
1610,somebody,4
1611,highlights,4
1612,taken,4
1613,Again,4
1614,Been,4
1615,wrist,4
1616,Smart,4
1617,Canada,4
1618,numbers,4
1619,impossible,4
1620,killer,4
1621,wearables,4
1622,coffee,4
1623,carry,4
1624,hands,4
1625,bands,4
1626,Mondays,4
1627,M,4
1628,Guide,4
1629,ideas,4
1630,honest,4
1631,super,4
1632,sense,4
1633,youve,4
1634,Sports,4
1635,uni,4
1636,Spurs,4
1637,stadium,4
1638,replay,4
1639,midfielder,4
1640,linked,4
1641,f,4
1642,Although,4
1643,Own,4
1644,wed,4
1645,Liverpool,4
1646,deadline,4
1647,manager,4
1648,Pretty,4
1649,Barcelona,4
1650,rather,4
1651,content,4
1652,Saturdays,4
1653,Star,4
1654,London,4
1655,broken,4
1656,Might,4
1657,claim,4
1658,Team,4
1659,fee,4
1660,Yo,4
1661,signs,4
1662,quick,4
1663,awful,4
1664,Probably,4
1665,bench,4
1666,til,4
1667,enjoyed,4
1668,whether,4
1669,facing,4
1670,ive,4
1671,surprised,4
1672,Junior,4
1673,brilliant,4
1674,DC,4
1675,comics,4
1676,BATMAN,4
1677,gun,4
1678,IS,4
1679,responsible,4
1680,stick,4
1681,jokes,4
1682,although,4
1683,busy,4
1684,law,4
1685,Anderson,4
1686,Panorama,4
1687,bullshit,4
1688,target,4
1689,rich,4
1690,longer,4
1691,exist,4
1692,crime,4
1693,hasnt,4
1694,journalism,4
1695,control,4
1696,view,4
1697,voice,4
1698,room,4
1699,Never,4
1700,papers,4
1701,Matt,4
1702,advance,4
1703,completely,4
1704,twitter,4
1705,wet,4
1706,bitch,4
1707,puts,4
1708,Charles,4
1709,tough,4
1710,feet,4
1711,F,4
1712,police,4
1713,enjoying,4
1714,Stay,4
1715,session,4
1716,celebrating,4
1717,runs,4
1718,peoples,4
1719,bernie,4
1720,moving,4
1721,wrote,4
1722,Mike,4
1723,die,4
1724,campaigning,4
1725,speech,4
1726,elected,4
1727,King,4
1728,Damn,4
1729,Jimmy,4
1730,Presidential,4
1731,Buffett,4
1732,likes,4
1733,beyonces,4
1734,speakers,4
1735,Annual,4
1736,BET,4
1737,Once,4
1738,Jay,4
1739,queen,4
1740,MVP,4
1741,names,4
1742,mornings,4
1743,sing,4
1744,pain,4
1745,nowplaying,4
1746,lead,4
1747,lovely,4
1748,moon,4
1749,Up,4
1750,ride,4
1751,Bless,4
1752,Fox,4
1753,executive,4
1754,spoke,4
1755,immigration,4
1756,Parenthood,4
1757,ranked,4
1758,standing,4
1759,GOPDebate,4
1760,highest,4
1761,performed,4
1762,NBC,4
1763,jail,4
1764,Ted,4
1765,october,4
1766,continue,4
1767,x,4
1768,Funes,4
1769,cuz,4
1770,yall,4
1771,Anybody,4
1772,Stone,4
1773,swear,4
1774,fights,4
1775,TKO,4
1776,beast,4
1777,Vegas,4
1778,defeats,4
1779,Another,4
1780,Family,4
1781,Los,4
1782,Angeles,4
1783,Thursdays,4
1784,Perfect,4
1785,facebook,4
1786,liar,4
1787,Isis,4
1788,MP,4
1789,stopping,4
1790,wall,4
1791,pass,4
1792,Mom,4
1793,marathon,4
1794,answer,4
1795,protest,4
1796,tours,4
1797,Chicago,4
1798,Iran,4
1799,blood,4
1800,Turkeys,4
1801,PKK,4
1802,downtown,4
1803,Chesney,4
1804,finals,4
1805,Novak,4
1806,Fed,4
1807,Cincinnati,4
1808,Wawrinka,4
1809,Kohlschreiber,4
1810,slot,4
1811,Rumours,4
1812,Web,4
1813,pen,4
1814,phablet,4
1815,binge,4
1816,logo,4
1817,interview,4
1818,Mayer,4
1819,Pickin,4
1820,inning,4
1821,studio,4
1822,Hannibals,4
1823,Trudeau,4
1824,Werth,4
1825,Rendon,4
1826,plead,4
